{
    "type": "origins:multiple",
    "key0": {
        "type": "origins:modify_attribute",
        "attribute": "generic.knockback_resistance",
        "modifier": {
            "operation": "addition",
            "value": 1,
            "name": "knockback preventer"
        }
    },
    "key1": {
        "type": "origins:action_on_callback",
        "execute_chosen_when_orb": true,
        "entity_action_added": {
            "type": "origins:delay",
            "action": {
                "type": "origins:revoke_power",
                "power": "difficulties:ensnaring2",
                "source": "difficulties:masochist"
            },
            "ticks": 100
        }
    }
}