{
    "name": "Hardcore Changes",
    "description": "- You lose your entire inventory and ender chest on death\n- Your origin gets randomized on death",
    "type": "origins:multiple",
    "key0": {
        "type": "origins:action_on_death",
        "bientity_action": {
            "type": "origins:target_action",
            "action": {
                "type": "origins:replace_inventory",
                "inventory_type": "inventory",
                "item_action": {
                    "type": "origins:consume",
                    "amount": 64
                },
                "slots": []
            }
        }
    },
    "key1": {
        "type": "origins:action_on_death",
        "bientity_action": {
            "type": "origins:target_action",
            "action": {
                "type": "origins:execute_command",
                "command": "origin random @s origins:origin"
            }
        }
    }
}