{
    "name": "Masochist Loot Tables",
    "description": "this contains all theloot table changes for Masochist Mode!",
    "hidden": true,
    "type": "origins:multiple",
    "key1_": {
        "type": "origins:self_action_on_kill",
        "target_condition": {
            "type": "origins:entity_type",
            "entity_type": "minecraft:ender_dragon"
        },
        "entity_action": {
            "type": "origins:execute_command",
            "command": "loot give @s loot difficulties:teethofthedragon"
        },
        "cooldown": 1
    },
    "key1": {
        "type": "origins:self_action_on_kill",
        "target_condition": {
            "type": "origins:entity_type",
            "entity_type": "minecraft:wither"
        },
        "entity_action": {
            "type": "origins:execute_command",
            "command": "loot give @s loot difficulties:witheringshot"
        },
        "cooldown": 1
    },
    "key2": {
        "type": "origins:self_action_on_kill",
        "target_condition": {
            "type": "origins:entity_type",
            "entity_type": "minecraft:evoker"
        },
        "entity_action": {
            "type": "origins:execute_command",
            "command": "loot give @s loot difficulties:ensnaring"
        },
        "cooldown": 1
    },
    "key3": {
        "type": "origins:self_action_on_kill",
        "target_condition": {
            "type": "origins:entity_type",
            "entity_type": "minecraft:piglin_brute"
        },
        "entity_action": {
            "type": "origins:execute_command",
            "command": "loot give @s loot difficulties:reaching"
        },
        "cooldown": 1
    },
    "key4": {
        "type": "origins:self_action_on_kill",
        "target_condition": {
            "type": "origins:entity_type",
            "entity_type": "minecraft:elder_guardian"
        },
        "entity_action": {
            "type": "origins:execute_command",
            "command": "loot give @s loot difficulties:guardiansblessing"
        },
        "cooldown": 1
    },
    "key5": {
        "type": "origins:self_action_on_kill",
        "target_condition": {
            "type": "origins:entity_type",
            "entity_type": "minecraft:warden"
        },
        "entity_action": {
            "type": "origins:execute_command",
            "command": "loot give @s loot difficulties:soulsight"
        },
        "cooldown": 1
    }
}