{
    "name": "Void Slash",
    "description": "This is the special ability of the void sword dropped sometimes by the dragon!",
    "hidden": true,
    "type": "origins:multiple",
    "importantresource": {
        "condition": {
            "type": "origins:origin",
            "origin": "difficulties:masochist"
        },
        "type": "origins:resource",
        "min": 0,
        "max": 40,
        "start_value": 0
    },
    "dashfunction": {
        "condition": {
            "type": "origins:origin",
            "origin": "difficulties:masochist"
        },
        "type": "origins:active_self",
        "entity_action": {
            "type": "origins:and",
            "actions": [
                {
                    "type": "origins:add_velocity",
                    "z": 3,
                    "space": "local_horizontal",
                    "client": true,
                    "server": true,
                    "set": true
                },
                {
                    "type": "origins:play_sound",
                    "sound": "entity.ender_dragon.flap",
                    "volume": 1,
                    "pitch": 0.7
                },
                {
                    "type": "origins:play_sound",
                    "sound": "entity.evoker.cast_spell",
                    "volume": 2,
                    "pitch": 1.2
                },
                {
                    "type": "origins:play_sound",
                    "sound": "entity.illusioner.mirror_move",
                    "volume": 2,
                    "pitch": 0.8
                },
                {
                    "type": "origins:execute_command",
                    "command": "resource change @s difficulties:voidslash_importantresource 40"
                },
                {
                    "type": "origins:nothing"
                }
            ]
        },
        "cooldown": 100,
        "hud_render": {
            "should_render": true,
            "sprite_location": "origins:textures/gui/resource_bar.png",
            "bar_index": 4
        },
        "key": {
            "key": "key.use"
        }
    },
    "vsparticleslowfall": {
        "condition": {
            "type": "origins:resource",
            "resource": "difficulties:voidslash_importantresource",
            "comparison": ">=",
            "compare_to": 1
        },
        "type": "origins:action_over_time",
        "interval": 1,
        "entity_action": {
            "type": "origins:and",
            "actions": [
                {
                    "type": "origins:spawn_particles",
                    "particle": "witch",
                    "count": 5,
                    "speed": 0,
                    "spread": {
                        "x": 1,
                        "y": 2,
                        "z": 1
                    },
                    "offset_y": 0
                },
                {
                    "type": "origins:spawn_particles",
                    "particle": "wax_off",
                    "count": 5,
                    "speed": 0,
                    "spread": {
                        "x": 1,
                        "y": 2,
                        "z": 1
                    },
                    "offset_y": 0
                },
                {
                    "type": "origins:spawn_particles",
                    "particle": "squid_ink",
                    "count": 5,
                    "speed": 0,
                    "spread": {
                        "x": 1,
                        "y": 2,
                        "z": 1
                    },
                    "offset_y": -1
                },
                {
                    "type": "origins:modify_resource",
                    "resource": "difficulties:voidslash_importantresource",
                    "modifier": {
                        "operation": "addition",
                        "value": -1,
                        "name": "particle deactivator"
                    }
                },
                {
                    "type": "origins:apply_effect",
                    "effects": [
                        {
                            "effect": "slow_falling",
                            "duration": 1,
                            "amplifier": 0,
                            "show_particles": false,
                            "show_icon": false
                        }
                    ]
                }
            ]
        }
    },
    "damage": {
        "condition": {
            "type": "origins:and",
            "conditions": [
                {
                    "type": "origins:resource",
                    "resource": "difficulties:voidslash_importantresource",
                    "comparison": ">=",
                    "compare_to": 1
                },
                {
                    "type": "origins:origin",
                    "origin": "difficulties:masochist"
                }
            ]
        },
        "type": "origins:action_over_time",
        "interval": 1,
        "entity_action": {
            "type": "origins:area_of_effect",
            "radius": 3,
            "bientity_action": {
                "type": "origins:target_action",
                "action": {
                    "type": "origins:and",
                    "actions": [
                        {
                            "type": "origins:damage",
                            "amount": 20,
                            "damage_type": "minecraft:player_attack"
                        },
                        {
                            "type": "origins:spawn_particles",
                            "particle": "dragon_breath",
                            "count": 25,
                            "spread": {
                                "x": 1,
                                "y": 1,
                                "z": 2
                            },
                            "offset_y": 1
                        },
                        {
                            "type": "origins:add_velocity",
                            "x": 1.5,
                            "space": "local_horizontal",
                            "client": true,
                            "server": true
                        }
                    ]
                }
            }
        }
    }
}